id,customer_id,name,sku,create_time
1017,7593,Concrete Mixer Ventilated,QVAOoXgMW,1673007411
1039,519,Groove Cutter X-Large,QBbXoJovycZ,1582469864
1163,7158,Rotary Hammer Self-Lubricating,nTAdpwfwpQg,1653655529
1024,3026,Adjustable Wrench Wireless,YtGyiaKup,1673085456
1137,1596,Tape Gun Starter-Kit,QPwwKblBJfR,1679836028
1089,2609,Portable Generator Mini,tUcDFnyZ,1611733467
1141,4682,Electric Hoist Tilt-Action,vLvPTkAw,1633399505
1025,7762,Adjustable Wrench Classic,YtGyiaKup,1692729650
1057,8407,Rotary Hammer Classic,nTAdpwfwpQg,1589388718
1004,5313,Cordless Drill Portable,HEdZXMkf,1626410240
1037,7982,Groove Cutter Self-Lubricating,QBbXoJovycZ,1678374607
1008,8953,Stud Finder Foldable,slZhggzlr,1691680044
1011,6666,Cable Cutter Ultra-Bright,uPOcTnMN,1653888990
1142,4277,Electric Hoist Tilt-Action,vLvPTkAw,1589465908
1099,8354,Bolt Cutter Lightweight,cgzNMRhpV,1578813222
1168,5847,Drill Bit Heavy-Duty,KMshPlvVZ,1611970956
1113,5561,Heat Gun Soft-Touch,UyWetVCq,1695003725
1001,629,Caliper Automatic,BtFensRPpxC,1626719059
1173,6763,Pallet Jack High-Performance,mnHUGfTUn,1613648067
1180,1974,Cord Reel Tear-Resistant,rOUlTxGnLVpt,1649487854
1175,8086,Pallet Jack Zero-Clearance,mnHUGfTUn,1658874995
1050,137,Piston Pump Tough-Built,RtIZFLImjcI,1591170195
1055,1679,Anvil Solar-Powered,trXnBsOeiU,1631369298
1139,6121,Hex Key Triple-Layer,afZbdoSdLt,1660073001
1154,6493,Welding Mask Water-Soluble,KxTNfTRcyU,1659317204
1010,7049,Cable Cutter Wall-Mount,uPOcTnMN,1625159080
1181,1667,Cord Reel Turbo-Charged,rOUlTxGnLVpt,1679158150
1129,3211,LED Work Light Splash-Proof,KySXZTxJEHS,1603758085
1018,3652,Electric Motor Uncoated,wZyOAVPg,1610144797
1007,1926,Stud Finder Zero-Clearance,slZhggzlr,1621093575
1192,9629,Crowbar Tough-Built,GVUHIQSlzbCG,1663920972
1113,5131,Heat Gun Soft-Touch,UyWetVCq,1609520554
1065,1736,Leaf Blower Ergonomic,ugEsMgrDSD,1653691585
1048,7188,Soldering Station Splash-Proof,GKJrKfLvuzMG,1616183144
1053,8551,Welding Mask Wood-Handled,KxTNfTRcyU,1639886738
1127,9621,Tape Gun Bluetooth-Enabled,QPwwKblBJfR,1632295798
1044,9718,Metal Detector Secure-Grip,vFBiyrrDgu,1605704622
1095,2664,Flashlight Two-Speed,YmImXLLQ,1617078169
1021,1975,Pipe Cutter Rugged,MttpcCrD,1600515252
1013,5847,Chisel Foldable,ftJtklAnh,1680148165
1137,3317,Tape Gun Starter-Kit,QPwwKblBJfR,1680773614
1189,3707,Trench Rammer Professional-Grade,BaUAwzBU,1666697330
1038,4681,Groove Cutter Weather-Resistant,QBbXoJovycZ,1636703674
1003,1982,Wire Brush Classic,APCPtYop,1592406111
1166,1416,Drill Bit Digital,KMshPlvVZ,1640739578
1030,4182,Hand Truck Zero-Clearance,blIEDuiBmm,1589592334
1140,4012,Hex Key Weather-Sealed,afZbdoSdLt,1592812458
1067,7188,Adjustable Wrench Expandable,YtGyiaKup,1661653860
1028,9677,Hand Truck Tough-Built,blIEDuiBmm,1607859680
1165,3446,Drill Bit Rechargeable,KMshPlvVZ,1656491100
1189,8214,Trench Rammer Professional-Grade,BaUAwzBU,1652938360
1104,1416,Log Splitter Variable-Speed,FqiwonaYS,1653852885
1096,3026,Rotary Hammer Space-Saving,nTAdpwfwpQg,1697397203
1149,9026,Pipe Cutter Safety-Enhanced,MttpcCrD,1589186128
1137,3446,Tape Gun Starter-Kit,QPwwKblBJfR,1590611874
1003,6666,Wire Brush Classic,APCPtYop,1636046731
1076,8846,Belt Sander Wobble-Free,bMPDSLau,1625688967
1131,8463,LED Work Light High-Capacity,KySXZTxJEHS,1609390528
1091,7402,Crowbar Tension-Adjustable,GVUHIQSlzbCG,1682380327
1100,5313,Bolt Cutter Industrial,cgzNMRhpV,1677419811
1030,1408,Hand Truck Zero-Clearance,blIEDuiBmm,1657230323
1114,1975,Sawhorse Waterproof,KPLYdDFA,1645419211
1190,3707,Clamp Wind-Resistant,AkxCQHMBK,1637370937
1100,9899,Bolt Cutter Industrial,cgzNMRhpV,1585035885
1120,3602,Pallet Truck Water-Soluble,IXmrqljcTTfS,1634027493
1053,2385,Welding Mask Wood-Handled,KxTNfTRcyU,1693588796
1018,5715,Electric Motor Uncoated,wZyOAVPg,1634052285
1139,9899,Hex Key Triple-Layer,afZbdoSdLt,1696052388
1140,6109,Hex Key Weather-Sealed,afZbdoSdLt,1667325867
1125,7968,Soldering Station Water-Soluble,GKJrKfLvuzMG,1602381913
1110,1667,Brick Saw Bluetooth-Enabled,ZNvOUmQBvZ,1617264013
1096,8285,Rotary Hammer Space-Saving,nTAdpwfwpQg,1595176220
1091,9348,Crowbar Tension-Adjustable,GVUHIQSlzbCG,1646310328
1070,9026,Adjustable Wrench Low-Noise,YtGyiaKup,1638461256
1026,2156,Hand Truck Superior-Design,blIEDuiBmm,1676894982
1096,5847,Rotary Hammer Space-Saving,nTAdpwfwpQg,1678928578
1131,9140,LED Work Light High-Capacity,KySXZTxJEHS,1636238188
1139,7219,Hex Key Triple-Layer,afZbdoSdLt,1672043882
1166,7720,Drill Bit Digital,KMshPlvVZ,1627647171
1085,6763,Lineman's Pliers Multipurpose,ZNdKmlLQjEIx,1638519761
1018,9677,Electric Motor Uncoated,wZyOAVPg,1581043807
1093,7380,Crowbar Quick-Setup,GVUHIQSlzbCG,1637334960
1149,9421,Pipe Cutter Safety-Enhanced,MttpcCrD,1584214166
1114,3658,Sawhorse Waterproof,KPLYdDFA,1600157280
1077,2448,Belt Sander X-Large,bMPDSLau,1621144294
1070,6266,Adjustable Wrench Low-Noise,YtGyiaKup,1580611761
1125,1233,Soldering Station Water-Soluble,GKJrKfLvuzMG,1622121442
1102,9839,Chisel Upgraded,ftJtklAnh,1608373687
1117,3069,Band Saw Underwater,PkQMobCvxK,1649555355
1074,9174,Drill Bit Wear-Resistant,KMshPlvVZ,1693265456
1139,362,Hex Key Triple-Layer,afZbdoSdLt,1605319608
1070,8395,Adjustable Wrench Low-Noise,YtGyiaKup,1605676582
1060,1164,Mixing Paddle Rechargeable,esavYqiSiiLI,1644765673
1184,519,Trench Rammer Rechargeable,BaUAwzBU,1676252862
1058,9421,Brick Saw Vibration-Resistant,ZNvOUmQBvZ,1659942629
1158,134,Welding Mask Sound-Proof,KxTNfTRcyU,1600677538
1176,1086,Chainsaw Thin-Profile,KmpchGfSTTTR,1615511560
1179,8938,Chainsaw Weather-Sealed,KmpchGfSTTTR,1581202489
1055,2609,Anvil Solar-Powered,trXnBsOeiU,1663943836
1172,3484,Pallet Jack High-Capacity,mnHUGfTUn,1691478340
1023,9354,Plasma Cutter Stain-Resistant,dlMCFwFrnyAV,1692581364
1004,3957,Cordless Drill Portable,HEdZXMkf,1690259760
1166,1408,Drill Bit Digital,KMshPlvVZ,1615991919
1018,1596,Electric Motor Uncoated,wZyOAVPg,1634774449
1151,8938,Pipe Cutter Rechargeable,MttpcCrD,1650288105
1125,690,Soldering Station Water-Soluble,GKJrKfLvuzMG,1666102267
1072,7400,Drill Bit Bluetooth-Enabled,KMshPlvVZ,1586932027
1102,9348,Chisel Upgraded,ftJtklAnh,1685929539
1175,1636,Pallet Jack Zero-Clearance,mnHUGfTUn,1650287841
1148,1024,Folding Ladder Classic,pXlxzyRNy,1614423442
1051,8463,Piston Pump Thin-Profile,RtIZFLImjcI,1689552786
1098,9348,Bolt Cutter Vintage-Style,cgzNMRhpV,1671182726
1089,1741,Portable Generator Mini,tUcDFnyZ,1580235922
1160,7402,Ratchet Bluetooth-Enabled,jWfbWAGCY,1629358436
1050,8393,Piston Pump Tough-Built,RtIZFLImjcI,1685911912
1081,945,Lineman's Pliers Waterproof,ZNdKmlLQjEIx,1693168892
1067,9798,Adjustable Wrench Expandable,YtGyiaKup,1632327341
1175,9348,Pallet Jack Zero-Clearance,mnHUGfTUn,1606792361
1144,8233,Piston Pump UV-Protected,RtIZFLImjcI,1615549501
1186,362,Portable Generator Secure-Grip,tUcDFnyZ,1606654700
1171,3602,Pallet Jack Mini,mnHUGfTUn,1681846292
1051,3910,Piston Pump Thin-Profile,RtIZFLImjcI,1649661788
1035,4345,Groove Cutter Secure-Grip,QBbXoJovycZ,1647772637
1001,8407,Caliper Automatic,BtFensRPpxC,1604498224
1128,3923,Tape Gun Theft-Deterrent,QPwwKblBJfR,1589552416
1035,572,Groove Cutter Secure-Grip,QBbXoJovycZ,1652746815
1012,572,Cable Cutter High-Performance,uPOcTnMN,1583249186
1180,4182,Cord Reel Tear-Resistant,rOUlTxGnLVpt,1581687788
1061,945,Mixing Paddle Semi-Automatic,esavYqiSiiLI,1696137510
1042,2464,Metal Detector Multipurpose,vFBiyrrDgu,1628924967
1053,3320,Welding Mask Wood-Handled,KxTNfTRcyU,1647524284
1108,8463,Oil Dispenser High-Capacity,KblSgWyOf,1615069062
1092,7219,Crowbar Remote-Controlled,GVUHIQSlzbCG,1578591774
1177,962,Chainsaw Bluetooth-Enabled,KmpchGfSTTTR,1677830906
1065,5131,Leaf Blower Ergonomic,ugEsMgrDSD,1659592892
1004,2609,Cordless Drill Portable,HEdZXMkf,1621965418
1040,3602,Groove Cutter Bluetooth-Enabled,QBbXoJovycZ,1601129833
1148,9527,Folding Ladder Classic,pXlxzyRNy,1638680781
1156,7968,Welding Mask Wireless,KxTNfTRcyU,1639625356
1060,6596,Mixing Paddle Rechargeable,esavYqiSiiLI,1672742235
1105,1164,Table Saw Standard-Issue,EDcZiINt,1665431535
1027,7720,Hand Truck High-Capacity,blIEDuiBmm,1658883485
1189,2927,Trench Rammer Professional-Grade,BaUAwzBU,1693580209
1057,7380,Rotary Hammer Classic,nTAdpwfwpQg,1592633022
1068,9609,Adjustable Wrench Vibration-Resistant,YtGyiaKup,1682389625
1062,1024,Leaf Blower Lightweight,ugEsMgrDSD,1628764417
1085,8550,Lineman's Pliers Multipurpose,ZNdKmlLQjEIx,1676235797
1124,9140,Soldering Station Washable,GKJrKfLvuzMG,1579227161
1091,6109,Crowbar Tension-Adjustable,GVUHIQSlzbCG,1659301260
1101,1107,Chisel Turbo-Charged,ftJtklAnh,1627770074
1144,7893,Piston Pump UV-Protected,RtIZFLImjcI,1653927914
1110,2418,Brick Saw Bluetooth-Enabled,ZNvOUmQBvZ,1655468356
1101,8242,Chisel Turbo-Charged,ftJtklAnh,1630919954
1171,7049,Pallet Jack Mini,mnHUGfTUn,1598315201
1081,2418,Lineman's Pliers Waterproof,ZNdKmlLQjEIx,1622202553
1077,2609,Belt Sander X-Large,bMPDSLau,1584618521
1118,3652,Pallet Truck Vintage-Style,IXmrqljcTTfS,1614273174
1072,5313,Drill Bit Bluetooth-Enabled,KMshPlvVZ,1587317657
1173,7416,Pallet Jack High-Performance,mnHUGfTUn,1580801852
1028,3549,Hand Truck Tough-Built,blIEDuiBmm,1661243431
1163,7484,Rotary Hammer Self-Lubricating,nTAdpwfwpQg,1601688362
1096,1461,Rotary Hammer Space-Saving,nTAdpwfwpQg,1596385065
1039,9677,Groove Cutter X-Large,QBbXoJovycZ,1643786005
1155,6596,Welding Mask Industrial,KxTNfTRcyU,1600517755
1164,9026,Rotary Hammer Spark-Resistant,nTAdpwfwpQg,1599979064
1022,4442,Pipe Cutter Wind-Resistant,MttpcCrD,1631159686
1049,9421,Piston Pump Standard-Issue,RtIZFLImjcI,1644668630
1146,2156,Folding Ladder Maintenance-Free,pXlxzyRNy,1584537256
1121,7762,Pallet Truck Straight-Edge,IXmrqljcTTfS,1684115285
1075,1741,Belt Sander UV-Protected,bMPDSLau,1621091032
1155,3923,Welding Mask Industrial,KxTNfTRcyU,1605811991
1101,3210,Chisel Turbo-Charged,ftJtklAnh,1672930173
1136,545,Tape Gun Ultra-Bright,QPwwKblBJfR,1595010846
1057,4807,Rotary Hammer Classic,nTAdpwfwpQg,1638753090
1163,545,Rotary Hammer Self-Lubricating,nTAdpwfwpQg,1600145037
1067,8242,Adjustable Wrench Expandable,YtGyiaKup,1654131578
1079,3091,Safety Goggles Multipurpose,IcObZuusUTQ,1658218416
1139,8365,Hex Key Triple-Layer,afZbdoSdLt,1691466650
1007,5131,Stud Finder Zero-Clearance,slZhggzlr,1694511616
1034,7156,Groove Cutter Foldable,QBbXoJovycZ,1639470616
1037,5499,Groove Cutter Self-Lubricating,QBbXoJovycZ,1585312299
1042,3432,Metal Detector Multipurpose,vFBiyrrDgu,1621014708
1030,183,Hand Truck Zero-Clearance,blIEDuiBmm,1590660114
1192,8064,Crowbar Tough-Built,GVUHIQSlzbCG,1680556677
1162,9421,Rotary Hammer Wi-Fi-Ready,nTAdpwfwpQg,1636671634
1173,6030,Pallet Jack High-Performance,mnHUGfTUn,1656362323
1089,4105,Portable Generator Mini,tUcDFnyZ,1688510456
1155,3210,Welding Mask Industrial,KxTNfTRcyU,1579327371
1014,6666,Chisel Theft-Deterrent,ftJtklAnh,1614271899
1005,9621,Stud Finder Weather-Resistant,slZhggzlr,1585864400
1071,3245,Adjustable Wrench Industrial,YtGyiaKup,1668702107
1091,3069,Crowbar Tension-Adjustable,GVUHIQSlzbCG,1682913091
1046,3652,Adjustable Wrench Compact,YtGyiaKup,1692345656
1178,4682,Chainsaw Wobble-Free,KmpchGfSTTTR,1666391923
1183,1741,Trench Rammer Standard-Issue,BaUAwzBU,1646652372
1024,6739,Adjustable Wrench Wireless,YtGyiaKup,1695397001
1107,6761,Oil Dispenser Multipurpose,KblSgWyOf,1679699260
1114,7416,Sawhorse Waterproof,KPLYdDFA,1640454317
1111,962,Heat Gun Soft-Touch,UyWetVCq,1690393140
1138,8407,Hex Key Safety-Enhanced,afZbdoSdLt,1621332711
1165,3432,Drill Bit Rechargeable,KMshPlvVZ,1600402289
1049,6137,Piston Pump Standard-Issue,RtIZFLImjcI,1598590114
1040,9864,Groove Cutter Bluetooth-Enabled,QBbXoJovycZ,1594452434
1051,3707,Piston Pump Thin-Profile,RtIZFLImjcI,1671662155
1045,8463,Metal Detector Mini,vFBiyrrDgu,1666154726
1023,8578,Plasma Cutter Stain-Resistant,dlMCFwFrnyAV,1615784588
1004,9864,Cordless Drill Portable,HEdZXMkf,1579356599
1014,1086,Chisel Theft-Deterrent,ftJtklAnh,1626082490
1020,5692,Pipe Cutter Quick-Setup,MttpcCrD,1688368667
1063,9354,Leaf Blower High-Performance,ugEsMgrDSD,1580894099
1128,962,Tape Gun Theft-Deterrent,QPwwKblBJfR,1629071156
1154,9740,Welding Mask Water-Soluble,KxTNfTRcyU,1612918871
1121,6594,Pallet Truck Straight-Edge,IXmrqljcTTfS,1616428932
1141,9718,Electric Hoist Tilt-Action,vLvPTkAw,1685404959
1146,7158,Folding Ladder Maintenance-Free,pXlxzyRNy,1661609201
1144,2766,Piston Pump UV-Protected,RtIZFLImjcI,1615448901
1013,3210,Chisel Foldable,ftJtklAnh,1639435170
1136,4228,Tape Gun Ultra-Bright,QPwwKblBJfR,1617348581
1006,7380,Stud Finder Weather-Resistant,slZhggzlr,1653073820
1047,8285,Soldering Station Wi-Fi-Ready,GKJrKfLvuzMG,1605918208
1070,6266,Adjustable Wrench Low-Noise,YtGyiaKup,1585004064
1128,7761,Tape Gun Theft-Deterrent,QPwwKblBJfR,1602831360
1134,3707,Tape Gun Advanced,QPwwKblBJfR,1628496705
1097,6763,Rotary Hammer Starter-Kit,nTAdpwfwpQg,1589672838
1012,8618,Cable Cutter High-Performance,uPOcTnMN,1617906783
1164,7759,Rotary Hammer Spark-Resistant,nTAdpwfwpQg,1592566302
1157,2766,Welding Mask Advanced,KxTNfTRcyU,1613164895
1186,8618,Portable Generator Secure-Grip,tUcDFnyZ,1638253940
1031,3446,Groove Cutter Two-Speed,QBbXoJovycZ,1587952595
1010,6594,Cable Cutter Wall-Mount,uPOcTnMN,1654449587
1121,1086,Pallet Truck Straight-Edge,IXmrqljcTTfS,1660362514
1066,690,Leaf Blower Wall-Mount,ugEsMgrDSD,1642972910
1071,6594,Adjustable Wrench Industrial,YtGyiaKup,1676427807
1186,8395,Portable Generator Secure-Grip,tUcDFnyZ,1589265052
1073,9174,Drill Bit Speed-Optimized,KMshPlvVZ,1600392177
1036,2249,Groove Cutter Eco-Friendly,QBbXoJovycZ,1634796875
1144,7156,Piston Pump UV-Protected,RtIZFLImjcI,1685719091
1040,7759,Groove Cutter Bluetooth-Enabled,QBbXoJovycZ,1690157685
1121,1636,Pallet Truck Straight-Edge,IXmrqljcTTfS,1691439346
1104,8938,Log Splitter Variable-Speed,FqiwonaYS,1598251580
1173,1596,Pallet Jack High-Performance,mnHUGfTUn,1678631463
1094,5715,Crowbar Wind-Resistant,GVUHIQSlzbCG,1636934723
1153,8463,Pipe Cutter Upgraded,MttpcCrD,1610086296
1099,9798,Bolt Cutter Lightweight,cgzNMRhpV,1644795722
1045,9864,Metal Detector Mini,vFBiyrrDgu,1696467721
1148,3210,Folding Ladder Classic,pXlxzyRNy,1660584173
1147,6137,Folding Ladder Industrial,pXlxzyRNy,1677071406
1092,1596,Crowbar Remote-Controlled,GVUHIQSlzbCG,1620541582
1059,3245,Mixing Paddle Foldable,esavYqiSiiLI,1594452492
1064,3026,Leaf Blower Quick-Setup,ugEsMgrDSD,1614390100
1070,8463,Adjustable Wrench Low-Noise,YtGyiaKup,1619164410
1078,7762,Oscillating Tool Two-Speed,VdHOIkjKC,1636142115
1155,9140,Welding Mask Industrial,KxTNfTRcyU,1621312167
1113,6596,Heat Gun Soft-Touch,UyWetVCq,1667367601
1167,488,Drill Bit Ultra-Bright,KMshPlvVZ,1636941506
1109,5131,Brick Saw Self-Lubricating,ZNvOUmQBvZ,1625330256
1061,2249,Mixing Paddle Semi-Automatic,esavYqiSiiLI,1669891731
1133,3652,Tape Gun Bluetooth-Enabled,QPwwKblBJfR,1625468194
1036,8354,Groove Cutter Eco-Friendly,QBbXoJovycZ,1640477115
1140,5499,Hex Key Weather-Sealed,afZbdoSdLt,1610200284
1086,8395,Portable Generator Variable-Speed,tUcDFnyZ,1646100298
1091,9140,Crowbar Tension-Adjustable,GVUHIQSlzbCG,1696228819
1011,3652,Cable Cutter Ultra-Bright,uPOcTnMN,1588897481
1113,3168,Heat Gun Soft-Touch,UyWetVCq,1583154130
1107,8354,Oil Dispenser Multipurpose,KblSgWyOf,1583534496
1160,5728,Ratchet Bluetooth-Enabled,jWfbWAGCY,1609560086
1171,4778,Pallet Jack Mini,mnHUGfTUn,1599945599
1107,6594,Oil Dispenser Multipurpose,KblSgWyOf,1654871796
1070,1975,Adjustable Wrench Low-Noise,YtGyiaKup,1591912852
1018,8293,Electric Motor Uncoated,wZyOAVPg,1669860094
1102,7791,Chisel Upgraded,ftJtklAnh,1663425942
1125,4268,Soldering Station Water-Soluble,GKJrKfLvuzMG,1643025849
1024,66,Adjustable Wrench Wireless,YtGyiaKup,1631745937
1053,1024,Welding Mask Wood-Handled,KxTNfTRcyU,1605892214
1014,9839,Chisel Theft-Deterrent,ftJtklAnh,1646236998
1126,6317,TIG Welder Uncoated,ahquvTiaK,1604192067
1186,8354,Portable Generator Secure-Grip,tUcDFnyZ,1669133115
1060,8938,Mixing Paddle Rechargeable,esavYqiSiiLI,1653340919
1169,9621,Sledgehammer Quick-Release,iCrVHOflbfm,1586018101
1078,8365,Oscillating Tool Two-Speed,VdHOIkjKC,1668211927
1117,2664,Band Saw Underwater,PkQMobCvxK,1681102169
1112,7484,Heat Gun Spark-Resistant,UyWetVCq,1630291895
1065,4105,Leaf Blower Ergonomic,ugEsMgrDSD,1631320081
1159,690,Ratchet Quick-Setup,jWfbWAGCY,1686402095
1005,1233,Stud Finder Weather-Resistant,slZhggzlr,1680306917
1171,3825,Pallet Jack Mini,mnHUGfTUn,1593192336
1066,6266,Leaf Blower Wall-Mount,ugEsMgrDSD,1580298340
1145,5561,Folding Ladder Three-Phase,pXlxzyRNy,1674181746
1104,7158,Log Splitter Variable-Speed,FqiwonaYS,1690662468
1150,2448,Pipe Cutter Top-Grade,MttpcCrD,1617427013
1041,7759,Metal Detector Solid-Core,vFBiyrrDgu,1623939981
1134,5847,Tape Gun Advanced,QPwwKblBJfR,1590926753
1010,66,Cable Cutter Wall-Mount,uPOcTnMN,1610944569
1083,5574,Lineman's Pliers Adjustable,ZNdKmlLQjEIx,1650215325
1156,7416,Welding Mask Wireless,KxTNfTRcyU,1670452511
1184,5711,Trench Rammer Rechargeable,BaUAwzBU,1596195019
1049,4046,Piston Pump Standard-Issue,RtIZFLImjcI,1658402390
1149,1136,Pipe Cutter Safety-Enhanced,MttpcCrD,1591860065
1172,1636,Pallet Jack High-Capacity,mnHUGfTUn,1640882392
1094,3923,Crowbar Wind-Resistant,GVUHIQSlzbCG,1659469209
1019,4268,Electric Motor Spark-Resistant,wZyOAVPg,1590586781
1088,1974,Portable Generator Wi-Fi-Ready,tUcDFnyZ,1678342686
1032,6137,Groove Cutter Straight-Edge,QBbXoJovycZ,1640438459
1147,8578,Folding Ladder Industrial,pXlxzyRNy,1631905256
1031,9864,Groove Cutter Two-Speed,QBbXoJovycZ,1675860627
1163,8064,Rotary Hammer Self-Lubricating,nTAdpwfwpQg,1611064598
1092,8242,Crowbar Remote-Controlled,GVUHIQSlzbCG,1604154689
1002,2156,Caliper Standard-Issue,BtFensRPpxC,1636623072
1026,2927,Hand Truck Superior-Design,blIEDuiBmm,1599384415
1162,3000,Rotary Hammer Wi-Fi-Ready,nTAdpwfwpQg,1644298440
1007,9183,Stud Finder Zero-Clearance,slZhggzlr,1648022521
1122,1926,File Set Multipurpose,dQzCshFiNbBe,1610842428
1100,6030,Bolt Cutter Industrial,cgzNMRhpV,1682871336
1106,362,Oil Dispenser Temperature-Controlled,KblSgWyOf,1579166196
1052,6121,Welding Mask Multipurpose,KxTNfTRcyU,1697101408
1127,7761,Tape Gun Bluetooth-Enabled,QPwwKblBJfR,1629228935
1030,7219,Hand Truck Zero-Clearance,blIEDuiBmm,1689768868
1170,6596,Hatchet Automatic,JXbKQCrMYKa,1586480491
1062,8393,Leaf Blower Lightweight,ugEsMgrDSD,1656729802
1170,2418,Hatchet Automatic,JXbKQCrMYKa,1614671221
1180,3432,Cord Reel Tear-Resistant,rOUlTxGnLVpt,1605216959
1182,9304,Trench Rammer Compact,BaUAwzBU,1614935993
1177,572,Chainsaw Bluetooth-Enabled,KmpchGfSTTTR,1652756766
1112,1596,Heat Gun Spark-Resistant,UyWetVCq,1642388677
1061,3602,Mixing Paddle Semi-Automatic,esavYqiSiiLI,1642179276
1150,4277,Pipe Cutter Top-Grade,MttpcCrD,1637296505
1066,6317,Leaf Blower Wall-Mount,ugEsMgrDSD,1638132126
1162,4012,Rotary Hammer Wi-Fi-Ready,nTAdpwfwpQg,1654362927
1123,8846,Soldering Station Ventilated,GKJrKfLvuzMG,1627443493
1167,5574,Drill Bit Ultra-Bright,KMshPlvVZ,1627458990
1058,9219,Brick Saw Vibration-Resistant,ZNvOUmQBvZ,1619839277
1089,9456,Portable Generator Mini,tUcDFnyZ,1578403213
1045,8551,Metal Detector Mini,vFBiyrrDgu,1693849667
1097,3869,Rotary Hammer Starter-Kit,nTAdpwfwpQg,1637602258
1164,839,Rotary Hammer Spark-Resistant,nTAdpwfwpQg,1599871601
1040,2205,Groove Cutter Bluetooth-Enabled,QBbXoJovycZ,1628304730
1154,7126,Welding Mask Water-Soluble,KxTNfTRcyU,1586952872
1158,2766,Welding Mask Sound-Proof,KxTNfTRcyU,1589766692
1106,5561,Oil Dispenser Temperature-Controlled,KblSgWyOf,1596362772
1124,7400,Soldering Station Washable,GKJrKfLvuzMG,1676904979
1077,2927,Belt Sander X-Large,bMPDSLau,1668763672
1096,1982,Rotary Hammer Space-Saving,nTAdpwfwpQg,1631947130
1040,572,Groove Cutter Bluetooth-Enabled,QBbXoJovycZ,1657815239
1125,3957,Soldering Station Water-Soluble,GKJrKfLvuzMG,1695755201
1099,7484,Bolt Cutter Lightweight,cgzNMRhpV,1677084742
1022,5584,Pipe Cutter Wind-Resistant,MttpcCrD,1681374106
1184,4647,Trench Rammer Rechargeable,BaUAwzBU,1598355921
1027,629,Hand Truck High-Capacity,blIEDuiBmm,1641016862
1035,2664,Groove Cutter Secure-Grip,QBbXoJovycZ,1662943555
1100,6266,Bolt Cutter Industrial,cgzNMRhpV,1585175972
1079,4556,Safety Goggles Multipurpose,IcObZuusUTQ,1694997161
1110,1086,Brick Saw Bluetooth-Enabled,ZNvOUmQBvZ,1693523100
1034,8285,Groove Cutter Foldable,QBbXoJovycZ,1695842432
1014,134,Chisel Theft-Deterrent,ftJtklAnh,1612402176
1049,8285,Piston Pump Standard-Issue,RtIZFLImjcI,1642714219
1184,1233,Trench Rammer Rechargeable,BaUAwzBU,1678176754
1027,1636,Hand Truck High-Capacity,blIEDuiBmm,1687095026
1146,3910,Folding Ladder Maintenance-Free,pXlxzyRNy,1664728935
1044,3320,Metal Detector Secure-Grip,vFBiyrrDgu,1690113905
1114,6493,Sawhorse Waterproof,KPLYdDFA,1694705268
1034,1667,Groove Cutter Foldable,QBbXoJovycZ,1665779324
1045,629,Metal Detector Mini,vFBiyrrDgu,1680630983
1146,3320,Folding Ladder Maintenance-Free,pXlxzyRNy,1609476252
1070,7156,Adjustable Wrench Low-Noise,YtGyiaKup,1637717722
1072,1982,Drill Bit Bluetooth-Enabled,KMshPlvVZ,1663583731
1183,5692,Trench Rammer Standard-Issue,BaUAwzBU,1629273034
1142,3652,Electric Hoist Tilt-Action,vLvPTkAw,1617040594
1117,137,Band Saw Underwater,PkQMobCvxK,1674720905
1074,7593,Drill Bit Wear-Resistant,KMshPlvVZ,1694182499
1120,9798,Pallet Truck Water-Soluble,IXmrqljcTTfS,1660358941
1016,6763,Chisel Bluetooth-Enabled,ftJtklAnh,1697949282
1056,7593,Rotary Hammer Wi-Fi-Ready,nTAdpwfwpQg,1613365096
1110,9609,Brick Saw Bluetooth-Enabled,ZNvOUmQBvZ,1667715607
1017,4682,Concrete Mixer Ventilated,QVAOoXgMW,1660168480
1044,3910,Metal Detector Secure-Grip,vFBiyrrDgu,1675538210
1027,4182,Hand Truck High-Capacity,blIEDuiBmm,1634284698
1000,1736,Impact Wrench Ventilated,PHkXdiGyFyw,1608784440
1140,4046,Hex Key Weather-Sealed,afZbdoSdLt,1597691208
1125,8293,Soldering Station Water-Soluble,GKJrKfLvuzMG,1677048923
1058,362,Brick Saw Vibration-Resistant,ZNvOUmQBvZ,1663343241
1015,7298,Chisel Manual,ftJtklAnh,1629199364
1035,1975,Groove Cutter Secure-Grip,QBbXoJovycZ,1682972480
1037,488,Groove Cutter Self-Lubricating,QBbXoJovycZ,1580572569
1189,6763,Trench Rammer Professional-Grade,BaUAwzBU,1645668359
1055,4268,Anvil Solar-Powered,trXnBsOeiU,1694645150
1143,8516,Piston Pump Splash-Proof,RtIZFLImjcI,1657481048
1171,9864,Pallet Jack Mini,mnHUGfTUn,1589787200
1115,690,Sawhorse Compact,KPLYdDFA,1636999092
1030,9140,Hand Truck Zero-Clearance,blIEDuiBmm,1662765813
1105,1107,Table Saw Standard-Issue,EDcZiINt,1580349181
1175,8298,Pallet Jack Zero-Clearance,mnHUGfTUn,1646378159
1003,6733,Wire Brush Classic,APCPtYop,1621729733
1144,4778,Piston Pump UV-Protected,RtIZFLImjcI,1603845808
1001,5711,Caliper Automatic,BtFensRPpxC,1596285154
1186,8618,Portable Generator Secure-Grip,tUcDFnyZ,1601290520
1044,3211,Metal Detector Secure-Grip,vFBiyrrDgu,1695303238
1030,9747,Hand Truck Zero-Clearance,blIEDuiBmm,1686833529
1038,9629,Groove Cutter Weather-Resistant,QBbXoJovycZ,1683992275
1119,3446,Pallet Truck Wind-Resistant,IXmrqljcTTfS,1593894680
1120,4277,Pallet Truck Water-Soluble,IXmrqljcTTfS,1578237626
1074,519,Drill Bit Wear-Resistant,KMshPlvVZ,1693775254
1149,7762,Pipe Cutter Safety-Enhanced,MttpcCrD,1594820226
1006,5561,Stud Finder Weather-Resistant,slZhggzlr,1648055937
1106,7761,Oil Dispenser Temperature-Controlled,KblSgWyOf,1621489928
1020,5584,Pipe Cutter Quick-Setup,MttpcCrD,1620337905
1104,7158,Log Splitter Variable-Speed,FqiwonaYS,1640155034
1073,4345,Drill Bit Speed-Optimized,KMshPlvVZ,1627551695
1083,3168,Lineman's Pliers Adjustable,ZNdKmlLQjEIx,1585756903
1181,3658,Cord Reel Turbo-Charged,rOUlTxGnLVpt,1654096959
1178,8618,Chainsaw Wobble-Free,KmpchGfSTTTR,1679323816
1043,7188,Metal Detector Vintage-Style,vFBiyrrDgu,1623449023
1043,3432,Metal Detector Vintage-Style,vFBiyrrDgu,1611355819
1059,1164,Mixing Paddle Foldable,esavYqiSiiLI,1688245409
1183,945,Trench Rammer Standard-Issue,BaUAwzBU,1638121173
1145,5131,Folding Ladder Three-Phase,pXlxzyRNy,1606439961
1165,1224,Drill Bit Rechargeable,KMshPlvVZ,1659040682
1044,6030,Metal Detector Secure-Grip,vFBiyrrDgu,1590864141
1124,5711,Soldering Station Washable,GKJrKfLvuzMG,1630420601
1000,7593,Impact Wrench Ventilated,PHkXdiGyFyw,1584977335
1027,137,Hand Truck High-Capacity,blIEDuiBmm,1656860652
1099,3923,Bolt Cutter Lightweight,cgzNMRhpV,1684813033
1048,1493,Soldering Station Splash-Proof,GKJrKfLvuzMG,1593251925
1176,4105,Chainsaw Thin-Profile,KmpchGfSTTTR,1600389492
1007,9621,Stud Finder Zero-Clearance,slZhggzlr,1693038826
1082,1975,Lineman's Pliers Wi-Fi-Ready,ZNdKmlLQjEIx,1671021386
1174,1181,Pallet Jack Weather-Resistant,mnHUGfTUn,1581783480
1074,4228,Drill Bit Wear-Resistant,KMshPlvVZ,1595940187
1175,3320,Pallet Jack Zero-Clearance,mnHUGfTUn,1582085795
1111,5715,Heat Gun Soft-Touch,UyWetVCq,1579517225
1114,8298,Sawhorse Waterproof,KPLYdDFA,1650529087
1174,3317,Pallet Jack Weather-Resistant,mnHUGfTUn,1615075983
1024,545,Adjustable Wrench Wireless,YtGyiaKup,1693347074
1025,9974,Adjustable Wrench Classic,YtGyiaKup,1625690373
1019,4105,Electric Motor Spark-Resistant,wZyOAVPg,1586553835
1125,5574,Soldering Station Water-Soluble,GKJrKfLvuzMG,1691986516
1029,9718,Hand Truck Turbo-Charged,blIEDuiBmm,1588188942
1028,7416,Hand Truck Tough-Built,blIEDuiBmm,1635207345
1140,7156,Hex Key Weather-Sealed,afZbdoSdLt,1645493402
1136,1181,Tape Gun Ultra-Bright,QPwwKblBJfR,1653448456
1166,1024,Drill Bit Digital,KMshPlvVZ,1686227595
1049,3602,Piston Pump Standard-Issue,RtIZFLImjcI,1660439862
1027,4105,Hand Truck High-Capacity,blIEDuiBmm,1690639539
1123,9718,Soldering Station Ventilated,GKJrKfLvuzMG,1587218311
1166,3060,Drill Bit Digital,KMshPlvVZ,1655688463
1105,3000,Table Saw Standard-Issue,EDcZiINt,1649224911
1181,5692,Cord Reel Turbo-Charged,rOUlTxGnLVpt,1686254811
1147,3484,Folding Ladder Industrial,pXlxzyRNy,1605017689
1118,690,Pallet Truck Vintage-Style,IXmrqljcTTfS,1621139947
1008,4046,Stud Finder Foldable,slZhggzlr,1581504794
1100,4647,Bolt Cutter Industrial,cgzNMRhpV,1617350539
1013,2385,Chisel Foldable,ftJtklAnh,1609652470
1129,2418,LED Work Light Splash-Proof,KySXZTxJEHS,1653981894
1017,8298,Concrete Mixer Ventilated,QVAOoXgMW,1601971599
1172,7156,Pallet Jack High-Capacity,mnHUGfTUn,1670877904
1173,3168,Pallet Jack High-Performance,mnHUGfTUn,1592978485
1030,839,Hand Truck Zero-Clearance,blIEDuiBmm,1688915402
1170,1408,Hatchet Automatic,JXbKQCrMYKa,1613648708
1071,3446,Adjustable Wrench Industrial,YtGyiaKup,1583131486
1192,4807,Crowbar Tough-Built,GVUHIQSlzbCG,1645521200
1190,2249,Clamp Wind-Resistant,AkxCQHMBK,1696463860
1156,3000,Welding Mask Wireless,KxTNfTRcyU,1649292799
1150,8846,Pipe Cutter Top-Grade,MttpcCrD,1587806982
1018,7893,Electric Motor Uncoated,wZyOAVPg,1583116064
1059,7759,Mixing Paddle Foldable,esavYqiSiiLI,1605815936
1052,6111,Welding Mask Multipurpose,KxTNfTRcyU,1654773165
1028,7156,Hand Truck Tough-Built,blIEDuiBmm,1668348521
1178,9677,Chainsaw Wobble-Free,KmpchGfSTTTR,1579209382
1026,3069,Hand Truck Superior-Design,blIEDuiBmm,1589405278
1090,6111,Crowbar Retractable,GVUHIQSlzbCG,1672638087
1076,9747,Belt Sander Wobble-Free,bMPDSLau,1627157879
1147,3091,Folding Ladder Industrial,pXlxzyRNy,1582452828
1008,3910,Stud Finder Foldable,slZhggzlr,1615912737
1150,2205,Pipe Cutter Top-Grade,MttpcCrD,1643526572
1106,6761,Oil Dispenser Temperature-Controlled,KblSgWyOf,1584416286
1140,5561,Hex Key Weather-Sealed,afZbdoSdLt,1580343599
1137,3320,Tape Gun Starter-Kit,QPwwKblBJfR,1633855374
1142,3091,Electric Hoist Tilt-Action,vLvPTkAw,1673585842
1028,3549,Hand Truck Tough-Built,blIEDuiBmm,1668732559
1042,8242,Metal Detector Multipurpose,vFBiyrrDgu,1690399648
1148,8354,Folding Ladder Classic,pXlxzyRNy,1588149753
1164,4270,Rotary Hammer Spark-Resistant,nTAdpwfwpQg,1653111027
1112,488,Heat Gun Spark-Resistant,UyWetVCq,1664218238
1023,1736,Plasma Cutter Stain-Resistant,dlMCFwFrnyAV,1587696363
1185,9864,Trench Rammer Solid-Core,BaUAwzBU,1583046914
1139,8618,Hex Key Triple-Layer,afZbdoSdLt,1587470179
1114,6317,Sawhorse Waterproof,KPLYdDFA,1657108285
1085,6739,Lineman's Pliers Multipurpose,ZNdKmlLQjEIx,1688009219
1019,3658,Electric Motor Spark-Resistant,wZyOAVPg,1687804193
1000,1416,Impact Wrench Ventilated,PHkXdiGyFyw,1672336078
1146,8354,Folding Ladder Maintenance-Free,pXlxzyRNy,1610665859
1018,9940,Electric Motor Uncoated,wZyOAVPg,1661176788
1038,5561,Groove Cutter Weather-Resistant,QBbXoJovycZ,1653641657
1013,6317,Chisel Foldable,ftJtklAnh,1644143697
1124,7759,Soldering Station Washable,GKJrKfLvuzMG,1696691135
1009,2418,Stud Finder Tilt-Action,slZhggzlr,1658578730
1181,5364,Cord Reel Turbo-Charged,rOUlTxGnLVpt,1660862706
1159,8214,Ratchet Quick-Setup,jWfbWAGCY,1683076585
1182,2927,Trench Rammer Compact,BaUAwzBU,1584700614
1114,7126,Sawhorse Waterproof,KPLYdDFA,1614008807
1084,7156,Lineman's Pliers Lightweight,ZNdKmlLQjEIx,1584024385
1023,7188,Plasma Cutter Stain-Resistant,dlMCFwFrnyAV,1637645651
1172,6109,Pallet Jack High-Capacity,mnHUGfTUn,1595002687
1075,6594,Belt Sander UV-Protected,bMPDSLau,1653994559
1064,8551,Leaf Blower Quick-Setup,ugEsMgrDSD,1671466582
1034,1596,Groove Cutter Foldable,QBbXoJovycZ,1588348264
1128,4012,Tape Gun Theft-Deterrent,QPwwKblBJfR,1672544251
1048,1136,Soldering Station Splash-Proof,GKJrKfLvuzMG,1593536654
1094,8365,Crowbar Wind-Resistant,GVUHIQSlzbCG,1658361017
1180,7380,Cord Reel Tear-Resistant,rOUlTxGnLVpt,1662478568
1176,9718,Chainsaw Thin-Profile,KmpchGfSTTTR,1611051798
1022,4807,Pipe Cutter Wind-Resistant,MttpcCrD,1661260568
1136,839,Tape Gun Ultra-Bright,QPwwKblBJfR,1678988283
1138,9798,Hex Key Safety-Enhanced,afZbdoSdLt,1679405307
1114,3602,Sawhorse Waterproof,KPLYdDFA,1600492504
1121,9864,Pallet Truck Straight-Edge,IXmrqljcTTfS,1609294921
1191,4197,Clamp Bluetooth-Enabled,AkxCQHMBK,1587301844
1078,1667,Oscillating Tool Two-Speed,VdHOIkjKC,1662667500
1120,629,Pallet Truck Water-Soluble,IXmrqljcTTfS,1673620854
1137,6594,Tape Gun Starter-Kit,QPwwKblBJfR,1612419446
1186,1233,Portable Generator Secure-Grip,tUcDFnyZ,1613759908
1030,8233,Hand Truck Zero-Clearance,blIEDuiBmm,1672198413
1096,7416,Rotary Hammer Space-Saving,nTAdpwfwpQg,1589241174
1183,7380,Trench Rammer Standard-Issue,BaUAwzBU,1601794521
1017,9183,Concrete Mixer Ventilated,QVAOoXgMW,1635979756
1024,5131,Adjustable Wrench Wireless,YtGyiaKup,1656870998
1133,1461,Tape Gun Bluetooth-Enabled,QPwwKblBJfR,1660930130
1118,4228,Pallet Truck Vintage-Style,IXmrqljcTTfS,1612666364
1141,6266,Electric Hoist Tilt-Action,vLvPTkAw,1587983534
1191,4682,Clamp Bluetooth-Enabled,AkxCQHMBK,1686356605
1004,8618,Cordless Drill Portable,HEdZXMkf,1674711595
1066,2249,Leaf Blower Wall-Mount,ugEsMgrDSD,1618136668
1055,2252,Anvil Solar-Powered,trXnBsOeiU,1638485387
1007,9798,Stud Finder Zero-Clearance,slZhggzlr,1596334581
1129,7402,LED Work Light Splash-Proof,KySXZTxJEHS,1612818758
1186,6739,Portable Generator Secure-Grip,tUcDFnyZ,1598699264
1065,9718,Leaf Blower Ergonomic,ugEsMgrDSD,1631641473
1077,3869,Belt Sander X-Large,bMPDSLau,1678068902
1176,3168,Chainsaw Thin-Profile,KmpchGfSTTTR,1628611689
1042,1636,Metal Detector Multipurpose,vFBiyrrDgu,1689812761
1123,9974,Soldering Station Ventilated,GKJrKfLvuzMG,1613277784
1034,8354,Groove Cutter Foldable,QBbXoJovycZ,1612773196
1188,6030,Portable Generator Universal-Fit,tUcDFnyZ,1591878874
1032,1667,Groove Cutter Straight-Edge,QBbXoJovycZ,1597550017
1075,1636,Belt Sander UV-Protected,bMPDSLau,1595354891
1102,690,Chisel Upgraded,ftJtklAnh,1604898495
1083,4556,Lineman's Pliers Adjustable,ZNdKmlLQjEIx,1650677041
1014,2249,Chisel Theft-Deterrent,ftJtklAnh,1698321021
1013,3928,Chisel Foldable,ftJtklAnh,1653330189
1099,4661,Bolt Cutter Lightweight,cgzNMRhpV,1593363136
1117,962,Band Saw Underwater,PkQMobCvxK,1611563650
1112,8086,Heat Gun Spark-Resistant,UyWetVCq,1600841429
1066,4682,Leaf Blower Wall-Mount,ugEsMgrDSD,1620738394
1006,6666,Stud Finder Weather-Resistant,slZhggzlr,1632637156
1035,1741,Groove Cutter Secure-Grip,QBbXoJovycZ,1681939579
1070,7588,Adjustable Wrench Low-Noise,YtGyiaKup,1642610342
1118,8395,Pallet Truck Vintage-Style,IXmrqljcTTfS,1589233609
1192,7400,Crowbar Tough-Built,GVUHIQSlzbCG,1606917647
1009,3168,Stud Finder Tilt-Action,slZhggzlr,1609137161
1099,1416,Bolt Cutter Lightweight,cgzNMRhpV,1662338179
1020,9304,Pipe Cutter Quick-Setup,MttpcCrD,1693239370
1158,6402,Welding Mask Sound-Proof,KxTNfTRcyU,1665998801
1050,9026,Piston Pump Tough-Built,RtIZFLImjcI,1592726490
1125,962,Soldering Station Water-Soluble,GKJrKfLvuzMG,1602178471
1066,2766,Leaf Blower Wall-Mount,ugEsMgrDSD,1651370897
1147,4807,Folding Ladder Industrial,pXlxzyRNy,1629128924
1104,1461,Log Splitter Variable-Speed,FqiwonaYS,1622809014
1014,8233,Chisel Theft-Deterrent,ftJtklAnh,1648129230
1143,8953,Piston Pump Splash-Proof,RtIZFLImjcI,1631823061
1038,8233,Groove Cutter Weather-Resistant,QBbXoJovycZ,1611869073
1193,3210,Crowbar Standard-Issue,GVUHIQSlzbCG,1652520700
1036,7720,Groove Cutter Eco-Friendly,QBbXoJovycZ,1693776709
1030,3000,Hand Truck Zero-Clearance,blIEDuiBmm,1641875875
1106,690,Oil Dispenser Temperature-Controlled,KblSgWyOf,1607436880
1152,9621,Pipe Cutter Straight-Edge,MttpcCrD,1602947807
1085,2609,Lineman's Pliers Multipurpose,ZNdKmlLQjEIx,1661681965
1006,7402,Stud Finder Weather-Resistant,slZhggzlr,1632622415
1104,8938,Log Splitter Variable-Speed,FqiwonaYS,1656454497
1156,7126,Welding Mask Wireless,KxTNfTRcyU,1691744959
1164,5847,Rotary Hammer Spark-Resistant,nTAdpwfwpQg,1671583432
1115,7759,Sawhorse Compact,KPLYdDFA,1679189227
1087,7219,Portable Generator Universal-Fit,tUcDFnyZ,1590601782
1193,1667,Crowbar Standard-Issue,GVUHIQSlzbCG,1616489321
1032,1975,Groove Cutter Straight-Edge,QBbXoJovycZ,1651454749
1121,9677,Pallet Truck Straight-Edge,IXmrqljcTTfS,1664628912
1046,5364,Adjustable Wrench Compact,YtGyiaKup,1648993334
1146,8463,Folding Ladder Maintenance-Free,pXlxzyRNy,1641474421
1118,3484,Pallet Truck Vintage-Style,IXmrqljcTTfS,1635013576
1009,4277,Stud Finder Tilt-Action,slZhggzlr,1616931428
1025,4682,Adjustable Wrench Classic,YtGyiaKup,1585312162
1192,5584,Crowbar Tough-Built,GVUHIQSlzbCG,1650843745
1129,9740,LED Work Light Splash-Proof,KySXZTxJEHS,1669355528
1081,1679,Lineman's Pliers Waterproof,ZNdKmlLQjEIx,1660933381
1074,9067,Drill Bit Wear-Resistant,KMshPlvVZ,1656631294
1119,4197,Pallet Truck Wind-Resistant,IXmrqljcTTfS,1598750366
1113,2609,Heat Gun Soft-Touch,UyWetVCq,1693614421
1039,1596,Groove Cutter X-Large,QBbXoJovycZ,1693491512
1144,488,Piston Pump UV-Protected,RtIZFLImjcI,1622368553
1043,7759,Metal Detector Vintage-Style,vFBiyrrDgu,1679337322
1017,2464,Concrete Mixer Ventilated,QVAOoXgMW,1607307962
1152,3869,Pipe Cutter Straight-Edge,MttpcCrD,1627353747
1114,4228,Sawhorse Waterproof,KPLYdDFA,1660832981
1111,6402,Heat Gun Soft-Touch,UyWetVCq,1615688355
1059,8395,Mixing Paddle Foldable,esavYqiSiiLI,1585076376
1185,1982,Trench Rammer Solid-Core,BaUAwzBU,1599053884
1109,7981,Brick Saw Self-Lubricating,ZNvOUmQBvZ,1633856854
1094,3928,Crowbar Wind-Resistant,GVUHIQSlzbCG,1683005279
1040,3549,Groove Cutter Bluetooth-Enabled,QBbXoJovycZ,1674809334
1036,7156,Groove Cutter Eco-Friendly,QBbXoJovycZ,1677668435
1175,4772,Pallet Jack Zero-Clearance,mnHUGfTUn,1666773226
1152,2249,Pipe Cutter Straight-Edge,MttpcCrD,1644421069
1073,1107,Drill Bit Speed-Optimized,KMshPlvVZ,1615876029
1058,4778,Brick Saw Vibration-Resistant,ZNvOUmQBvZ,1680475887
1193,545,Crowbar Standard-Issue,GVUHIQSlzbCG,1685726730
1049,2385,Piston Pump Standard-Issue,RtIZFLImjcI,1678643952
1161,7380,Ratchet Space-Saving,jWfbWAGCY,1679459038
1117,6739,Band Saw Underwater,PkQMobCvxK,1693411969
1060,8463,Mixing Paddle Rechargeable,esavYqiSiiLI,1602141207
1109,9026,Brick Saw Self-Lubricating,ZNvOUmQBvZ,1684369926
1085,9354,Lineman's Pliers Multipurpose,ZNdKmlLQjEIx,1665549678
1144,545,Piston Pump UV-Protected,RtIZFLImjcI,1673773171
1147,4681,Folding Ladder Industrial,pXlxzyRNy,1630862165
1184,9864,Trench Rammer Rechargeable,BaUAwzBU,1600670670
1083,2249,Lineman's Pliers Adjustable,ZNdKmlLQjEIx,1619029448
1016,7791,Chisel Bluetooth-Enabled,ftJtklAnh,1691240373
1012,519,Cable Cutter High-Performance,uPOcTnMN,1642180923
1037,1416,Groove Cutter Self-Lubricating,QBbXoJovycZ,1598685588
1186,629,Portable Generator Secure-Grip,tUcDFnyZ,1616797086
1106,1975,Oil Dispenser Temperature-Controlled,KblSgWyOf,1578741491
1184,4228,Trench Rammer Rechargeable,BaUAwzBU,1586629836
1145,9609,Folding Ladder Three-Phase,pXlxzyRNy,1580726328
1054,9174,Welding Mask Waterproof,KxTNfTRcyU,1693683216
1145,6761,Folding Ladder Three-Phase,pXlxzyRNy,1609203260
1042,9899,Metal Detector Multipurpose,vFBiyrrDgu,1607608285
1011,9174,Cable Cutter Ultra-Bright,uPOcTnMN,1615925096
1043,8463,Metal Detector Vintage-Style,vFBiyrrDgu,1603948853
1160,9772,Ratchet Bluetooth-Enabled,jWfbWAGCY,1585709897
1037,4270,Groove Cutter Self-Lubricating,QBbXoJovycZ,1601576669
1112,4105,Heat Gun Spark-Resistant,UyWetVCq,1590719328
1159,7416,Ratchet Quick-Setup,jWfbWAGCY,1634134014
1012,945,Cable Cutter High-Performance,uPOcTnMN,1587508113
1058,9348,Brick Saw Vibration-Resistant,ZNvOUmQBvZ,1645047729
1174,572,Pallet Jack Weather-Resistant,mnHUGfTUn,1603471483
1111,7759,Heat Gun Soft-Touch,UyWetVCq,1658631924
1030,9629,Hand Truck Zero-Clearance,blIEDuiBmm,1602641226
1047,7968,Soldering Station Wi-Fi-Ready,GKJrKfLvuzMG,1686273404
1011,1736,Cable Cutter Ultra-Bright,uPOcTnMN,1619562814
1061,9026,Mixing Paddle Semi-Automatic,esavYqiSiiLI,1604881401
1055,9677,Anvil Solar-Powered,trXnBsOeiU,1661701701
1143,8938,Piston Pump Splash-Proof,RtIZFLImjcI,1619470132
1003,3245,Wire Brush Classic,APCPtYop,1646660991
1067,5711,Adjustable Wrench Expandable,YtGyiaKup,1581638330
1068,8214,Adjustable Wrench Vibration-Resistant,YtGyiaKup,1604972156
1043,8953,Metal Detector Vintage-Style,vFBiyrrDgu,1578054302
1155,2205,Welding Mask Industrial,KxTNfTRcyU,1588694599
1124,5728,Soldering Station Washable,GKJrKfLvuzMG,1692013445
1086,6761,Portable Generator Variable-Speed,tUcDFnyZ,1595852616
1130,7981,LED Work Light Universal-Fit,KySXZTxJEHS,1598652739
1146,7484,Folding Ladder Maintenance-Free,pXlxzyRNy,1683509516
1036,3658,Groove Cutter Eco-Friendly,QBbXoJovycZ,1585372652
1145,9067,Folding Ladder Three-Phase,pXlxzyRNy,1698135259
1167,8516,Drill Bit Ultra-Bright,KMshPlvVZ,1590307376
1005,1233,Stud Finder Weather-Resistant,slZhggzlr,1660174120
1189,1667,Trench Rammer Professional-Grade,BaUAwzBU,1672583142
1142,8298,Electric Hoist Tilt-Action,vLvPTkAw,1681839990
1100,1136,Bolt Cutter Industrial,cgzNMRhpV,1682861512
1008,8407,Stud Finder Foldable,slZhggzlr,1622604587
1018,3320,Electric Motor Uncoated,wZyOAVPg,1625795449
1158,6493,Welding Mask Sound-Proof,KxTNfTRcyU,1662596095
1045,5793,Metal Detector Mini,vFBiyrrDgu,1674748939
1122,9629,File Set Multipurpose,dQzCshFiNbBe,1626733385
1188,3210,Portable Generator Universal-Fit,tUcDFnyZ,1664942489
1005,5692,Stud Finder Weather-Resistant,slZhggzlr,1697958818
1066,9740,Leaf Blower Wall-Mount,ugEsMgrDSD,1649451722
1190,5847,Clamp Wind-Resistant,AkxCQHMBK,1593746690
1057,1741,Rotary Hammer Classic,nTAdpwfwpQg,1625432999
1177,5131,Chainsaw Bluetooth-Enabled,KmpchGfSTTTR,1578668916
1036,5268,Groove Cutter Eco-Friendly,QBbXoJovycZ,1690201421
1070,3931,Adjustable Wrench Low-Noise,YtGyiaKup,1688955158
1190,9864,Clamp Wind-Resistant,AkxCQHMBK,1613335954
1147,9174,Folding Ladder Industrial,pXlxzyRNy,1661417961
1086,3168,Portable Generator Variable-Speed,tUcDFnyZ,1603390562
1096,1741,Rotary Hammer Space-Saving,nTAdpwfwpQg,1607212472
1085,8551,Lineman's Pliers Multipurpose,ZNdKmlLQjEIx,1624866732
1104,3923,Log Splitter Variable-Speed,FqiwonaYS,1622008070
1192,8516,Crowbar Tough-Built,GVUHIQSlzbCG,1641945312
1167,4228,Drill Bit Ultra-Bright,KMshPlvVZ,1640855813
1177,3317,Chainsaw Bluetooth-Enabled,KmpchGfSTTTR,1603401303
1082,5584,Lineman's Pliers Wi-Fi-Ready,ZNdKmlLQjEIx,1631328562
1011,9677,Cable Cutter Ultra-Bright,uPOcTnMN,1646120461
1093,4270,Crowbar Quick-Setup,GVUHIQSlzbCG,1658560138
1093,3931,Crowbar Quick-Setup,GVUHIQSlzbCG,1606875726
1173,3848,Pallet Jack High-Performance,mnHUGfTUn,1604385739
1171,2609,Pallet Jack Mini,mnHUGfTUn,1609508752
1105,4268,Table Saw Standard-Issue,EDcZiINt,1642929977
1084,3549,Lineman's Pliers Lightweight,ZNdKmlLQjEIx,1656884188
1085,7761,Lineman's Pliers Multipurpose,ZNdKmlLQjEIx,1694769056
1046,7981,Adjustable Wrench Compact,YtGyiaKup,1600482356
1004,2385,Cordless Drill Portable,HEdZXMkf,1584700810
1165,8463,Drill Bit Rechargeable,KMshPlvVZ,1611793758
1085,3910,Lineman's Pliers Multipurpose,ZNdKmlLQjEIx,1606684250
1133,1408,Tape Gun Bluetooth-Enabled,QPwwKblBJfR,1663830458
1114,3707,Sawhorse Waterproof,KPLYdDFA,1629341825
1072,7588,Drill Bit Bluetooth-Enabled,KMshPlvVZ,1610135590
1047,1974,Soldering Station Wi-Fi-Ready,GKJrKfLvuzMG,1628274072
1185,5847,Trench Rammer Solid-Core,BaUAwzBU,1674635568
1162,3848,Rotary Hammer Wi-Fi-Ready,nTAdpwfwpQg,1582839738
1105,6266,Table Saw Standard-Issue,EDcZiINt,1684714941
1114,9718,Sawhorse Waterproof,KPLYdDFA,1651479771
1148,8365,Folding Ladder Classic,pXlxzyRNy,1691822646
1026,3825,Hand Truck Superior-Design,blIEDuiBmm,1636195374
1174,1974,Pallet Jack Weather-Resistant,mnHUGfTUn,1649210411
1009,7298,Stud Finder Tilt-Action,slZhggzlr,1585280797
1146,3168,Folding Ladder Maintenance-Free,pXlxzyRNy,1657369120
1153,5313,Pipe Cutter Upgraded,MttpcCrD,1683189271
1137,9067,Tape Gun Starter-Kit,QPwwKblBJfR,1665190417
1077,5847,Belt Sander X-Large,bMPDSLau,1616855070
1178,9740,Chainsaw Wobble-Free,KmpchGfSTTTR,1684156649
1149,1596,Pipe Cutter Safety-Enhanced,MttpcCrD,1609526425
1140,6109,Hex Key Weather-Sealed,afZbdoSdLt,1610773307
1053,1224,Welding Mask Wood-Handled,KxTNfTRcyU,1597781236
1097,7761,Rotary Hammer Starter-Kit,nTAdpwfwpQg,1630183425
1022,3026,Pipe Cutter Wind-Resistant,MttpcCrD,1639439051
1108,8578,Oil Dispenser High-Capacity,KblSgWyOf,1689026749
1060,2252,Mixing Paddle Rechargeable,esavYqiSiiLI,1630600941
1033,3026,Groove Cutter Expandable,QBbXoJovycZ,1631275710
1015,4778,Chisel Manual,ftJtklAnh,1619204570
1175,1086,Pallet Jack Zero-Clearance,mnHUGfTUn,1662588701
1009,5711,Stud Finder Tilt-Action,slZhggzlr,1585244650
1156,9026,Welding Mask Wireless,KxTNfTRcyU,1608690546
1007,5728,Stud Finder Zero-Clearance,slZhggzlr,1577851531
1050,4682,Piston Pump Tough-Built,RtIZFLImjcI,1658642781
1010,545,Cable Cutter Wall-Mount,uPOcTnMN,1645923732
1052,2385,Welding Mask Multipurpose,KxTNfTRcyU,1660844793
1159,3957,Ratchet Quick-Setup,jWfbWAGCY,1650630822
1131,2448,LED Work Light High-Capacity,KySXZTxJEHS,1602850958
1097,3245,Rotary Hammer Starter-Kit,nTAdpwfwpQg,1670080516
1036,3026,Groove Cutter Eco-Friendly,QBbXoJovycZ,1657716653
1177,8242,Chainsaw Bluetooth-Enabled,KmpchGfSTTTR,1627405272
1191,5268,Clamp Bluetooth-Enabled,AkxCQHMBK,1590349902
1030,4182,Hand Truck Zero-Clearance,blIEDuiBmm,1636530951
1040,1679,Groove Cutter Bluetooth-Enabled,QBbXoJovycZ,1695026276
1019,9899,Electric Motor Spark-Resistant,wZyOAVPg,1641453429
1004,6666,Cordless Drill Portable,HEdZXMkf,1633432127
1123,519,Soldering Station Ventilated,GKJrKfLvuzMG,1678375514
1072,4345,Drill Bit Bluetooth-Enabled,KMshPlvVZ,1592504855
1182,4681,Trench Rammer Compact,BaUAwzBU,1687481503
1134,3658,Tape Gun Advanced,QPwwKblBJfR,1585447535
1191,7893,Clamp Bluetooth-Enabled,AkxCQHMBK,1638355753
1044,8285,Metal Detector Secure-Grip,vFBiyrrDgu,1610144121
1008,7049,Stud Finder Foldable,slZhggzlr,1688976808
1055,2156,Anvil Solar-Powered,trXnBsOeiU,1613333928
1005,839,Stud Finder Weather-Resistant,slZhggzlr,1694281464
1138,7593,Hex Key Safety-Enhanced,afZbdoSdLt,1684760127
1151,9899,Pipe Cutter Rechargeable,MttpcCrD,1606371587
1128,1667,Tape Gun Theft-Deterrent,QPwwKblBJfR,1630710282
1139,6111,Hex Key Triple-Layer,afZbdoSdLt,1673185715
1006,3825,Stud Finder Weather-Resistant,slZhggzlr,1616202724
1135,1233,Tape Gun Shock-Absorbent,QPwwKblBJfR,1688824053
1116,6733,Sawhorse High-Capacity,KPLYdDFA,1615702598
1189,4807,Trench Rammer Professional-Grade,BaUAwzBU,1619296255
1143,9718,Piston Pump Splash-Proof,RtIZFLImjcI,1580796828
1153,6137,Pipe Cutter Upgraded,MttpcCrD,1660694276
1048,2766,Soldering Station Splash-Proof,GKJrKfLvuzMG,1582071292
1131,8242,LED Work Light High-Capacity,KySXZTxJEHS,1645914689
1037,3245,Groove Cutter Self-Lubricating,QBbXoJovycZ,1639382170
1094,7298,Crowbar Wind-Resistant,GVUHIQSlzbCG,1606361312
1025,1408,Adjustable Wrench Classic,YtGyiaKup,1605281434
1015,7416,Chisel Manual,ftJtklAnh,1657681844
1076,3317,Belt Sander Wobble-Free,bMPDSLau,1691156269
1114,6121,Sawhorse Waterproof,KPLYdDFA,1669202582
1065,1461,Leaf Blower Ergonomic,ugEsMgrDSD,1690656899
1188,5574,Portable Generator Universal-Fit,tUcDFnyZ,1670644071
1035,3549,Groove Cutter Secure-Grip,QBbXoJovycZ,1596685229
1119,5364,Pallet Truck Wind-Resistant,IXmrqljcTTfS,1592204371
1162,7762,Rotary Hammer Wi-Fi-Ready,nTAdpwfwpQg,1609886475
1103,8365,Chisel Wall-Mount,ftJtklAnh,1591425632
1020,9354,Pipe Cutter Quick-Setup,MttpcCrD,1676738037
1179,6739,Chainsaw Weather-Sealed,KmpchGfSTTTR,1688568723
1065,8293,Leaf Blower Ergonomic,ugEsMgrDSD,1663986049
1074,8578,Drill Bit Wear-Resistant,KMshPlvVZ,1579632100
1167,7893,Drill Bit Ultra-Bright,KMshPlvVZ,1616112147
1068,1493,Adjustable Wrench Vibration-Resistant,YtGyiaKup,1601817446
1035,6266,Groove Cutter Secure-Grip,QBbXoJovycZ,1650855325
1146,3168,Folding Ladder Maintenance-Free,pXlxzyRNy,1627787298
1154,5692,Welding Mask Water-Soluble,KxTNfTRcyU,1625192174
1014,9067,Chisel Theft-Deterrent,ftJtklAnh,1681237264
1178,3168,Chainsaw Wobble-Free,KmpchGfSTTTR,1689653389
1080,1224,Safety Goggles Two-Speed,IcObZuusUTQ,1616293137
1089,9304,Portable Generator Mini,tUcDFnyZ,1688533105
1092,7982,Crowbar Remote-Controlled,GVUHIQSlzbCG,1649310126
1190,8846,Clamp Wind-Resistant,AkxCQHMBK,1696251541
1153,9940,Pipe Cutter Upgraded,MttpcCrD,1622636679
1142,1408,Electric Hoist Tilt-Action,vLvPTkAw,1635621549
1115,6030,Sawhorse Compact,KPLYdDFA,1580097803
1117,9609,Band Saw Underwater,PkQMobCvxK,1614261520
1005,7593,Stud Finder Weather-Resistant,slZhggzlr,1676751720
1071,7188,Adjustable Wrench Industrial,YtGyiaKup,1620010193
1080,4661,Safety Goggles Two-Speed,IcObZuusUTQ,1657403383
1026,5313,Hand Truck Superior-Design,blIEDuiBmm,1692010358
1090,8298,Crowbar Retractable,GVUHIQSlzbCG,1678964381
1019,7484,Electric Motor Spark-Resistant,wZyOAVPg,1592482848
1031,8064,Groove Cutter Two-Speed,QBbXoJovycZ,1645888004
1020,3652,Pipe Cutter Quick-Setup,MttpcCrD,1694412722
1121,4681,Pallet Truck Straight-Edge,IXmrqljcTTfS,1617831897
1019,9067,Electric Motor Spark-Resistant,wZyOAVPg,1671885297
1052,5561,Welding Mask Multipurpose,KxTNfTRcyU,1667251560
1026,9183,Hand Truck Superior-Design,blIEDuiBmm,1668917808
1014,8407,Chisel Theft-Deterrent,ftJtklAnh,1676356477
1124,7188,Soldering Station Washable,GKJrKfLvuzMG,1647185767
1132,8393,LED Work Light Mini,KySXZTxJEHS,1670127407
1030,1461,Hand Truck Zero-Clearance,blIEDuiBmm,1688462310
1020,2418,Pipe Cutter Quick-Setup,MttpcCrD,1675108660
1151,7219,Pipe Cutter Rechargeable,MttpcCrD,1675230862
1085,9421,Lineman's Pliers Multipurpose,ZNdKmlLQjEIx,1601732686
1052,4681,Welding Mask Multipurpose,KxTNfTRcyU,1651523342
1156,1224,Welding Mask Wireless,KxTNfTRcyU,1685276460
1021,7219,Pipe Cutter Rugged,MttpcCrD,1674439208
1023,488,Plasma Cutter Stain-Resistant,dlMCFwFrnyAV,1625576520
1139,4277,Hex Key Triple-Layer,afZbdoSdLt,1666046846
1063,8407,Leaf Blower High-Performance,ugEsMgrDSD,1590703380
1160,9677,Ratchet Bluetooth-Enabled,jWfbWAGCY,1580194375
1064,5364,Leaf Blower Quick-Setup,ugEsMgrDSD,1660169182
1072,1493,Drill Bit Bluetooth-Enabled,KMshPlvVZ,1696121248
1081,1974,Lineman's Pliers Waterproof,ZNdKmlLQjEIx,1649056815
1082,4682,Lineman's Pliers Wi-Fi-Ready,ZNdKmlLQjEIx,1585009049
1104,6121,Log Splitter Variable-Speed,FqiwonaYS,1646919306
1131,4228,LED Work Light High-Capacity,KySXZTxJEHS,1669732715
1152,4442,Pipe Cutter Straight-Edge,MttpcCrD,1623746927
1047,2205,Soldering Station Wi-Fi-Ready,GKJrKfLvuzMG,1605744837
1145,8298,Folding Ladder Three-Phase,pXlxzyRNy,1663878462
1137,1974,Tape Gun Starter-Kit,QPwwKblBJfR,1658263294
1130,4661,LED Work Light Universal-Fit,KySXZTxJEHS,1595253022
1055,66,Anvil Solar-Powered,trXnBsOeiU,1607605667
1166,3210,Drill Bit Digital,KMshPlvVZ,1593630664
1169,3026,Sledgehammer Quick-Release,iCrVHOflbfm,1666157344
1104,9304,Log Splitter Variable-Speed,FqiwonaYS,1602713072
1140,7126,Hex Key Weather-Sealed,afZbdoSdLt,1688018075
1110,6807,Brick Saw Bluetooth-Enabled,ZNvOUmQBvZ,1666842640
1079,5561,Safety Goggles Multipurpose,IcObZuusUTQ,1614654497
1037,183,Groove Cutter Self-Lubricating,QBbXoJovycZ,1663634273
1165,5711,Drill Bit Rechargeable,KMshPlvVZ,1583635831
1173,8354,Pallet Jack High-Performance,mnHUGfTUn,1622196972
1041,5574,Metal Detector Solid-Core,vFBiyrrDgu,1657722607
1179,3000,Chainsaw Weather-Sealed,KmpchGfSTTTR,1663729110
1015,545,Chisel Manual,ftJtklAnh,1592081815
1054,3728,Welding Mask Waterproof,KxTNfTRcyU,1645763496
1130,9421,LED Work Light Universal-Fit,KySXZTxJEHS,1656062624
1052,4197,Welding Mask Multipurpose,KxTNfTRcyU,1666586791
1093,8550,Crowbar Quick-Setup,GVUHIQSlzbCG,1646120962
1125,2464,Soldering Station Water-Soluble,GKJrKfLvuzMG,1659101242
1072,9974,Drill Bit Bluetooth-Enabled,KMshPlvVZ,1686283241
1124,8551,Soldering Station Washable,GKJrKfLvuzMG,1640787992
1034,7593,Groove Cutter Foldable,QBbXoJovycZ,1625531428
1060,3168,Mixing Paddle Rechargeable,esavYqiSiiLI,1598418494
1079,8953,Safety Goggles Multipurpose,IcObZuusUTQ,1669878820
1052,3869,Welding Mask Multipurpose,KxTNfTRcyU,1674972109
1005,9899,Stud Finder Weather-Resistant,slZhggzlr,1595623370
1054,4182,Welding Mask Waterproof,KxTNfTRcyU,1688525627
1003,8293,Wire Brush Classic,APCPtYop,1685292615
1120,4556,Pallet Truck Water-Soluble,IXmrqljcTTfS,1640607382
1031,8393,Groove Cutter Two-Speed,QBbXoJovycZ,1687153091
1008,3848,Stud Finder Foldable,slZhggzlr,1637797091
1155,1493,Welding Mask Industrial,KxTNfTRcyU,1622385577
1113,7982,Heat Gun Soft-Touch,UyWetVCq,1652706841
1114,8618,Sawhorse Waterproof,KPLYdDFA,1592980502
1019,8214,Electric Motor Spark-Resistant,wZyOAVPg,1607320156
1008,5561,Stud Finder Foldable,slZhggzlr,1640481536
1122,6594,File Set Multipurpose,dQzCshFiNbBe,1668954444
1171,3602,Pallet Jack Mini,mnHUGfTUn,1640618619
1056,5715,Rotary Hammer Wi-Fi-Ready,nTAdpwfwpQg,1689169482
1099,5131,Bolt Cutter Lightweight,cgzNMRhpV,1614509098
1015,572,Chisel Manual,ftJtklAnh,1608783711
1189,2609,Trench Rammer Professional-Grade,BaUAwzBU,1663141030
1107,5313,Oil Dispenser Multipurpose,KblSgWyOf,1646260071
1074,6666,Drill Bit Wear-Resistant,KMshPlvVZ,1612473148
1160,1224,Ratchet Bluetooth-Enabled,jWfbWAGCY,1639125746
1177,5574,Chainsaw Bluetooth-Enabled,KmpchGfSTTTR,1647264691
1191,8830,Clamp Bluetooth-Enabled,AkxCQHMBK,1598195118
1074,962,Drill Bit Wear-Resistant,KMshPlvVZ,1688910570
1182,545,Trench Rammer Compact,BaUAwzBU,1667884242
1031,134,Groove Cutter Two-Speed,QBbXoJovycZ,1652594000
1025,7156,Adjustable Wrench Classic,YtGyiaKup,1664590362
1128,9183,Tape Gun Theft-Deterrent,QPwwKblBJfR,1610594561
1077,2249,Belt Sander X-Large,bMPDSLau,1632746959
1139,7402,Hex Key Triple-Layer,afZbdoSdLt,1686663240
1100,962,Bolt Cutter Industrial,cgzNMRhpV,1595713246
1187,5715,Portable Generator Stain-Resistant,tUcDFnyZ,1697203390
1103,3869,Chisel Wall-Mount,ftJtklAnh,1692016525
1111,5692,Heat Gun Soft-Touch,UyWetVCq,1619490416
1010,5313,Cable Cutter Wall-Mount,uPOcTnMN,1646126061
1136,1181,Tape Gun Ultra-Bright,QPwwKblBJfR,1611495330
1024,6030,Adjustable Wrench Wireless,YtGyiaKup,1582645865
1081,1024,Lineman's Pliers Waterproof,ZNdKmlLQjEIx,1643314958
1154,8365,Welding Mask Water-Soluble,KxTNfTRcyU,1679633830
1035,9456,Groove Cutter Secure-Grip,QBbXoJovycZ,1606192241
1149,1752,Pipe Cutter Safety-Enhanced,MttpcCrD,1693522520
1076,9421,Belt Sander Wobble-Free,bMPDSLau,1674680663
1106,4105,Oil Dispenser Temperature-Controlled,KblSgWyOf,1670180204
1050,66,Piston Pump Tough-Built,RtIZFLImjcI,1639691119
1121,7158,Pallet Truck Straight-Edge,IXmrqljcTTfS,1618303255
1079,7402,Safety Goggles Multipurpose,IcObZuusUTQ,1682031144
1047,137,Soldering Station Wi-Fi-Ready,GKJrKfLvuzMG,1628624140
1066,3245,Leaf Blower Wall-Mount,ugEsMgrDSD,1624926944
1140,7402,Hex Key Weather-Sealed,afZbdoSdLt,1588883295
1076,8233,Belt Sander Wobble-Free,bMPDSLau,1630986941
1110,3432,Brick Saw Bluetooth-Enabled,ZNvOUmQBvZ,1582975369
1072,1107,Drill Bit Bluetooth-Enabled,KMshPlvVZ,1657251149
1150,839,Pipe Cutter Top-Grade,MttpcCrD,1616457467
1131,5131,LED Work Light High-Capacity,KySXZTxJEHS,1656430668
1045,6666,Metal Detector Mini,vFBiyrrDgu,1659431615
1102,1493,Chisel Upgraded,ftJtklAnh,1669327800
1077,1741,Belt Sander X-Large,bMPDSLau,1604730286
1150,7981,Pipe Cutter Top-Grade,MttpcCrD,1668791231
1128,3317,Tape Gun Theft-Deterrent,QPwwKblBJfR,1663832011
1124,4182,Soldering Station Washable,GKJrKfLvuzMG,1578213621
1098,362,Bolt Cutter Vintage-Style,cgzNMRhpV,1693992945
1191,6137,Clamp Bluetooth-Enabled,AkxCQHMBK,1578325376
1137,9174,Tape Gun Starter-Kit,QPwwKblBJfR,1674551790
1120,6761,Pallet Truck Water-Soluble,IXmrqljcTTfS,1610266742
1038,2252,Groove Cutter Weather-Resistant,QBbXoJovycZ,1691251461
1142,9677,Electric Hoist Tilt-Action,vLvPTkAw,1595858968
1035,5715,Groove Cutter Secure-Grip,QBbXoJovycZ,1580339739
1025,1975,Adjustable Wrench Classic,YtGyiaKup,1609670062
1183,690,Trench Rammer Standard-Issue,BaUAwzBU,1642397777
1161,8242,Ratchet Space-Saving,jWfbWAGCY,1670150703
1168,4228,Drill Bit Heavy-Duty,KMshPlvVZ,1681367106
1043,7720,Metal Detector Vintage-Style,vFBiyrrDgu,1598225665
1019,9677,Electric Motor Spark-Resistant,wZyOAVPg,1648107136
1091,3432,Crowbar Tension-Adjustable,GVUHIQSlzbCG,1694381644
1020,3317,Pipe Cutter Quick-Setup,MttpcCrD,1619326091
1130,1667,LED Work Light Universal-Fit,KySXZTxJEHS,1603321396
1104,945,Log Splitter Variable-Speed,FqiwonaYS,1674496348
1072,3931,Drill Bit Bluetooth-Enabled,KMshPlvVZ,1682006360
1115,6596,Sawhorse Compact,KPLYdDFA,1679268378
1005,1181,Stud Finder Weather-Resistant,slZhggzlr,1637284922
1112,4270,Heat Gun Spark-Resistant,UyWetVCq,1673810791
1041,7720,Metal Detector Solid-Core,vFBiyrrDgu,1695989077
1145,3091,Folding Ladder Three-Phase,pXlxzyRNy,1588221697
1049,7380,Piston Pump Standard-Issue,RtIZFLImjcI,1626845040
1147,3869,Folding Ladder Industrial,pXlxzyRNy,1637597561
1021,4105,Pipe Cutter Rugged,MttpcCrD,1597543306
1168,7981,Drill Bit Heavy-Duty,KMshPlvVZ,1648130888
1152,3245,Pipe Cutter Straight-Edge,MttpcCrD,1608319900
1165,2448,Drill Bit Rechargeable,KMshPlvVZ,1674512689
1160,7588,Ratchet Bluetooth-Enabled,jWfbWAGCY,1626047949
1095,3210,Flashlight Two-Speed,YmImXLLQ,1611363452
1104,2252,Log Splitter Variable-Speed,FqiwonaYS,1670157818
1132,3728,LED Work Light Mini,KySXZTxJEHS,1638024821
1131,8395,LED Work Light High-Capacity,KySXZTxJEHS,1655842011
1093,5313,Crowbar Quick-Setup,GVUHIQSlzbCG,1636131199
1078,7400,Oscillating Tool Two-Speed,VdHOIkjKC,1676228172
1128,7126,Tape Gun Theft-Deterrent,QPwwKblBJfR,1686692004
1092,3168,Crowbar Remote-Controlled,GVUHIQSlzbCG,1665111007
1171,6733,Pallet Jack Mini,mnHUGfTUn,1685124949
1123,545,Soldering Station Ventilated,GKJrKfLvuzMG,1610826660
1045,3211,Metal Detector Mini,vFBiyrrDgu,1683240706
1136,3825,Tape Gun Ultra-Bright,QPwwKblBJfR,1610053631
1026,134,Hand Truck Superior-Design,blIEDuiBmm,1587896920
1151,3210,Pipe Cutter Rechargeable,MttpcCrD,1579112702
1031,5728,Groove Cutter Two-Speed,QBbXoJovycZ,1690763539
1022,9456,Pipe Cutter Wind-Resistant,MttpcCrD,1608886510
1178,2205,Chainsaw Wobble-Free,KmpchGfSTTTR,1656754414
1024,7588,Adjustable Wrench Wireless,YtGyiaKup,1653001291
1157,945,Welding Mask Advanced,KxTNfTRcyU,1685692221
1064,5728,Leaf Blower Quick-Setup,ugEsMgrDSD,1606838159
1177,4197,Chainsaw Bluetooth-Enabled,KmpchGfSTTTR,1668770973
1076,3923,Belt Sander Wobble-Free,bMPDSLau,1629746684
1135,8550,Tape Gun Shock-Absorbent,QPwwKblBJfR,1582641767
1101,137,Chisel Turbo-Charged,ftJtklAnh,1696559201
1126,3026,TIG Welder Uncoated,ahquvTiaK,1686353359
1189,8365,Trench Rammer Professional-Grade,BaUAwzBU,1631715489
1125,9304,Soldering Station Water-Soluble,GKJrKfLvuzMG,1611624055
1061,2766,Mixing Paddle Semi-Automatic,esavYqiSiiLI,1688356129
1086,7762,Portable Generator Variable-Speed,tUcDFnyZ,1655071690
1124,3931,Soldering Station Washable,GKJrKfLvuzMG,1616587527
1106,6317,Oil Dispenser Temperature-Controlled,KblSgWyOf,1587558887
1044,1086,Metal Detector Secure-Grip,vFBiyrrDgu,1620958536
1006,4661,Stud Finder Weather-Resistant,slZhggzlr,1690563724
1106,7268,Oil Dispenser Temperature-Controlled,KblSgWyOf,1590466289
1186,7380,Portable Generator Secure-Grip,tUcDFnyZ,1601988622
1123,1741,Soldering Station Ventilated,GKJrKfLvuzMG,1694221945
1149,1224,Pipe Cutter Safety-Enhanced,MttpcCrD,1650582950
1191,2927,Clamp Bluetooth-Enabled,AkxCQHMBK,1590991341
1189,9140,Trench Rammer Professional-Grade,BaUAwzBU,1690661142
1058,3211,Brick Saw Vibration-Resistant,ZNvOUmQBvZ,1605626422
1172,183,Pallet Jack High-Capacity,mnHUGfTUn,1653432669
1070,1086,Adjustable Wrench Low-Noise,YtGyiaKup,1698341914
1134,3446,Tape Gun Advanced,QPwwKblBJfR,1651235072
1102,8393,Chisel Upgraded,ftJtklAnh,1634457323
1023,9421,Plasma Cutter Stain-Resistant,dlMCFwFrnyAV,1622942090
1178,9183,Chainsaw Wobble-Free,KmpchGfSTTTR,1697177399
1085,8938,Lineman's Pliers Multipurpose,ZNdKmlLQjEIx,1635527168
1000,3245,Impact Wrench Ventilated,PHkXdiGyFyw,1592519262
1088,2664,Portable Generator Wi-Fi-Ready,tUcDFnyZ,1637376489
1035,9839,Groove Cutter Secure-Grip,QBbXoJovycZ,1685817889
1180,3957,Cord Reel Tear-Resistant,rOUlTxGnLVpt,1633340184
1083,4277,Lineman's Pliers Adjustable,ZNdKmlLQjEIx,1616161477
1176,183,Chainsaw Thin-Profile,KmpchGfSTTTR,1687287873
1043,4807,Metal Detector Vintage-Style,vFBiyrrDgu,1594063936
1100,5561,Bolt Cutter Industrial,cgzNMRhpV,1636400592
